label,x,y,z,buried
1 1,613087.0,6651252.0,130.94353,0
1 2,613088.0221052632,6651252.072631579,130.93973,0
1 3,613089.0442105263,6651252.145263158,130.92845,0
1 4,613090.0663157895,6651252.217894737,130.93643,0
1 5,613091.0884210527,6651252.290526316,130.964,0
1 6,613092.1105263158,6651252.363157894,130.99196,0
1 7,613093.132631579,6651252.435789473,131.01555,0
1 8,613094.1547368421,6651252.508421052,131.0435,0
1 9,613095.1768421052,6651252.581052632,131.05403,0
1 10,613096.1989473684,6651252.653684211,131.05986,0
1 11,613097.2210526316,6651252.72631579,131.07826,0
1 12,613098.2431578947,6651252.798947369,131.10919,0
1 13,613099.2652631579,6651252.871578948,131.13701,0
1 14,613100.2873684211,6651252.9442105265,131.1577,0
1 15,613101.3094736842,6651253.016842105,131.17929,0
1 16,613102.3315789474,6651253.089473684,131.19969,0
1 17,613103.3536842106,6651253.162105263,131.2407,0
1 18,613104.3757894736,6651253.234736842,131.29036,0
1 19,613105.3978947368,6651253.307368421,131.31248,0
1 20,613106.42,6651253.38,131.34409,0
1 21,613107.4421052631,6651253.452631579,131.39265,0
1 22,613108.4642105263,6651253.525263158,131.45235,0
1 23,613109.4863157895,6651253.597894737,131.51291,0
1 24,613110.5084210526,6651253.670526315,131.5576,0
1 25,613111.5305263158,6651253.743157895,131.60172,0
1 26,613112.552631579,6651253.815789474,131.64345,0
1 27,613113.5747368421,6651253.888421053,131.68544,0
1 28,613114.5968421053,6651253.961052632,131.7284,0
1 29,613115.6189473685,6651254.033684211,131.74904,0
1 30,613116.6410526315,6651254.10631579,131.76953,0
1 31,613117.6631578947,6651254.178947369,131.7834,0
1 32,613118.6852631579,6651254.2515789475,131.7859,0
1 33,613119.707368421,6651254.324210526,131.77513,0
1 34,613120.7294736842,6651254.396842105,131.77962,0
1 35,613121.7515789474,6651254.469473684,131.78325,0
1 36,613122.7736842105,6651254.542105263,131.82347,0
1 37,613123.7957894737,6651254.614736842,131.82492,0
1 38,613124.8178947369,6651254.687368421,131.83224,0
1 39,613125.84,6651254.76,131.85266,0
1 40,613126.8621052632,6651254.832631579,131.87021,0
1 41,613127.8842105264,6651254.9052631585,131.89098,0
1 42,613128.9063157894,6651254.977894737,131.91048,0
1 43,613129.9284210526,6651255.050526316,131.92874,0
1 44,613130.9505263158,6651255.123157895,131.94255,0
1 45,613131.9726315789,6651255.195789474,131.93623,0
1 46,613132.9947368421,6651255.268421053,131.9274,0
1 47,613134.0168421053,6651255.341052632,131.91978,0
1 48,613135.0389473684,6651255.413684211,131.91838,0
1 49,613136.0610526316,6651255.48631579,131.93605,0
1 50,613137.0831578947,6651255.5589473685,131.9584,0
1 51,613138.1052631579,6651255.631578947,131.98149,0
1 52,613139.1273684211,6651255.704210526,132.00726,0
1 53,613140.1494736841,6651255.776842105,132.0356,0
1 54,613141.1715789473,6651255.849473684,132.07098,0
1 55,613142.1936842105,6651255.922105263,132.09831,0
1 56,613143.2157894736,6651255.994736842,132.13414,0
1 57,613144.2378947368,6651256.067368422,132.14825,0
1 58,613145.26,6651256.140000001,132.1762,0
1 59,613146.2821052631,6651256.2126315795,132.18472,0
1 60,613147.3042105263,6651256.285263158,132.20364,0
1 61,613148.3263157895,6651256.357894737,132.21635,0
1 62,613149.3484210526,6651256.430526316,132.24503,0
1 63,613150.3705263158,6651256.503157895,132.28502,0
1 64,613151.392631579,6651256.575789474,132.34117,0
1 65,613152.414736842,6651256.648421053,132.3691,0
1 66,613153.4368421052,6651256.721052632,132.39427,0
1 67,613154.4589473684,6651256.793684211,132.42297,0
1 68,613155.4810526315,6651256.8663157895,132.46019,0
1 69,613156.5031578947,6651256.938947368,132.46559,0
1 70,613157.5252631579,6651257.011578947,132.4697,0
1 71,613158.547368421,6651257.084210526,132.48639,0
1 72,613159.5694736842,6651257.156842105,132.47856,0
1 73,613160.5915789474,6651257.229473685,132.48187,0
1 74,613161.6136842105,6651257.302105264,132.50195,0
1 75,613162.6357894737,6651257.374736843,132.5158,0
1 76,613163.6578947369,6651257.447368422,132.51718,0
1 77,613164.6799999999,6651257.5200000005,132.59102,0
1 78,613165.7021052631,6651257.592631579,132.72011,0
1 79,613166.7242105263,6651257.665263158,132.83028,0
1 80,613167.7463157894,6651257.737894737,132.9097,0
1 81,613168.7684210526,6651257.810526316,132.94936,0
1 82,613169.7905263158,6651257.883157895,132.82446,0
1 83,613170.8126315789,6651257.955789474,132.63023,0
1 84,613171.8347368421,6651258.028421053,132.62723,0
1 85,613172.8568421053,6651258.101052632,132.61528,0
1 86,613173.8789473684,6651258.1736842105,132.62648,0
1 87,613174.9010526316,6651258.246315789,132.63124,0
1 88,613175.9231578948,6651258.318947368,132.63524,0
1 89,613176.9452631578,6651258.391578948,132.6532,0
1 90,613177.967368421,6651258.464210527,132.68442,0
1 91,613178.9894736842,6651258.536842106,132.69359,0
1 92,613180.0115789473,6651258.609473685,132.70828,0
1 93,613181.0336842105,6651258.682105264,132.71564,0
1 94,613182.0557894737,6651258.754736843,132.72458,0
1 95,613183.0778947368,6651258.8273684215,132.7394,0
1 96,613184.1,6651258.9,132.75142,0
2 1,613047.4,6651240.3,130.46277,0
2 2,613052.2936170213,6651241.346808511,130.746,0
2 3,613057.1872340426,6651242.393617021,130.92828,0
2 4,613062.0808510638,6651243.440425532,130.81648,0
2 5,613066.9744680851,6651244.487234042,130.93079,0
2 6,613071.8680851064,6651245.534042553,131.04597,0
2 7,613076.7617021276,6651246.580851064,131.04485,0
2 8,613081.6553191489,6651247.627659574,131.0901,0
2 9,613086.5489361703,6651248.674468085,131.10112,0
2 10,613091.4425531916,6651249.721276595,131.04399,0
2 11,613096.3361702128,6651250.768085106,131.13065,0
2 12,613101.2297872341,6651251.814893617,131.20718,0
2 13,613106.1234042554,6651252.861702127,131.36841,0
2 14,613111.0170212766,6651253.908510638,131.60172,0
2 15,613115.9106382979,6651254.9553191485,131.76416,0
2 16,613120.8042553192,6651256.0021276595,131.75647,0
2 17,613125.6978723404,6651257.0489361705,131.74458,0
2 18,613130.5914893617,6651258.095744681,131.7548,0
2 19,613135.485106383,6651259.142553192,131.78429,0
2 20,613140.3787234043,6651260.189361702,131.90097,0
2 21,613145.2723404255,6651261.236170213,132.1318,0
2 22,613150.1659574468,6651262.282978724,132.2833,0
2 23,613155.0595744681,6651263.329787234,132.36484,0
2 24,613159.9531914893,6651264.376595745,132.4007,0
2 25,613164.8468085107,6651265.423404255,133.04112,0
2 26,613169.740425532,6651266.470212766,133.64795,0
2 27,613174.6340425533,6651267.517021276,134.21686,0
2 28,613179.5276595745,6651268.563829787,134.37993,0
2 29,613184.4212765958,6651269.610638298,134.57208,0
2 30,613189.3148936171,6651270.657446808,134.30655,0
2 31,613194.2085106383,6651271.704255319,133.70999,0
2 32,613199.1021276596,6651272.751063829,133.2869,0
2 33,613203.9957446809,6651273.79787234,133.27063,0
2 34,613208.8893617021,6651274.844680851,133.2983,0
2 35,613213.7829787234,6651275.891489361,133.39879,0
2 36,613218.6765957447,6651276.938297872,133.50056,0
2 37,613223.570212766,6651277.9851063825,133.53084,0
2 38,613228.4638297872,6651279.031914894,133.73097,0
2 39,613233.3574468085,6651280.078723405,133.65672,0
2 40,613238.2510638298,6651281.125531915,133.7246,0
2 41,613243.1446808511,6651282.172340426,133.91286,0
2 42,613248.0382978724,6651283.219148936,134.0499,0
2 43,613252.9319148937,6651284.265957447,134.21661,0
2 44,613257.825531915,6651285.312765958,134.30714,0
2 45,613262.7191489362,6651286.359574468,134.36931,0
2 46,613267.6127659575,6651287.406382979,134.54622,0
2 47,613272.5063829788,6651288.453191489,134.75002,0
2 48,613277.4,6651289.5,135.20883,0
3 1,612864.0,6651308.0,120.96836,0
3 2,612866.3368421053,6651303.494736842,121.60944,0
3 3,612868.6736842105,6651298.989473684,122.032486,0
3 4,612871.0105263158,6651294.484210527,122.612625,0
3 5,612873.347368421,6651289.978947368,123.25782,0
3 6,612875.6842105263,6651285.47368421,123.91677,0
3 7,612878.0210526315,6651280.968421052,124.8553,0
3 8,612880.3578947368,6651276.463157895,125.5333,0
3 9,612882.6947368421,6651271.957894737,126.02736,0
3 10,612885.0315789473,6651267.452631579,126.66731,0
3 11,612887.3684210526,6651262.947368421,127.45801,0
3 12,612889.7052631578,6651258.4421052635,128.12694,0
3 13,612892.0421052632,6651253.936842105,128.5345,0
3 14,612894.3789473685,6651249.431578947,129.14851,0
3 15,612896.7157894737,6651244.926315789,129.83464,0
3 16,612899.052631579,6651240.421052632,130.49419,0
3 17,612901.3894736842,6651235.915789474,131.64128,0
3 18,612903.7263157895,6651231.410526316,132.24377,0
3 19,612906.0631578948,6651226.905263158,132.4112,0
3 20,612908.4,6651222.4,132.65958,0
3 21,612910.7368421053,6651217.894736842,132.97096,0
3 22,612913.0736842105,6651213.389473684,133.14578,0
3 23,612915.4105263158,6651208.884210526,133.38568,0
3 24,612917.747368421,6651204.378947369,133.59387,0
3 25,612920.0842105263,6651199.873684211,133.95891,0
3 26,612922.4210526316,6651195.368421053,134.48297,0
3 27,612924.7578947368,6651190.863157894,134.94952,0
3 28,612927.0947368421,6651186.357894737,135.45708,0
3 29,612929.4315789473,6651181.852631579,135.9019,0
3 30,612931.7684210526,6651177.347368421,136.89041,0
3 31,612934.1052631579,6651172.842105263,137.79193,0
3 32,612936.4421052631,6651168.336842106,138.22684,0
3 33,612938.7789473684,6651163.831578948,138.47862,0
3 34,612941.1157894736,6651159.3263157895,138.97943,0
3 35,612943.4526315789,6651154.821052631,139.35614,0
3 36,612945.7894736842,6651150.315789473,139.76201,0
3 37,612948.1263157895,6651145.810526316,140.20148,0
3 38,612950.4631578948,6651141.305263158,140.61058,0
3 39,612952.8,6651136.8,141.0076,0
3 40,612955.1368421053,6651132.294736842,141.5025,0
3 41,612957.4736842106,6651127.7894736845,141.86896,0
3 42,612959.8105263158,6651123.284210526,142.42699,0
3 43,612962.1473684211,6651118.778947368,142.80077,0
3 44,612964.4842105263,6651114.27368421,143.23595,0
3 45,612966.8210526316,6651109.768421053,143.55171,0
3 46,612969.1578947369,6651105.263157895,143.55078,0
3 47,612971.4947368421,6651100.757894737,143.53029,0
3 48,612973.8315789474,6651096.252631579,143.80872,0
3 49,612976.1684210526,6651091.747368421,144.12224,0
3 50,612978.5052631579,6651087.242105263,144.64793,0
3 51,612980.8421052631,6651082.736842105,145.2747,0
3 52,612983.1789473684,6651078.231578947,145.85503,0
3 53,612985.5157894737,6651073.72631579,146.23804,0
3 54,612987.8526315789,6651069.221052632,146.70131,0
3 55,612990.1894736842,6651064.715789474,147.13425,0
3 56,612992.5263157894,6651060.2105263155,147.14194,0
3 57,612994.8631578947,6651055.705263158,147.32507,0
3 58,612997.2,6651051.2,147.3428,0
3 59,612999.5368421052,6651046.694736842,147.40715,0
3 60,613001.8736842105,6651042.189473684,147.67117,0
3 61,613004.2105263158,6651037.684210527,148.08087,0
3 62,613006.5473684211,6651033.178947369,148.41246,0
3 63,613008.8842105264,6651028.6736842105,148.37059,0
3 64,613011.2210526316,6651024.168421052,148.424,0
3 65,613013.5578947369,6651019.663157894,148.46463,0
3 66,613015.8947368421,6651015.157894737,148.44434,0
3 67,613018.2315789474,6651010.652631579,148.3692,0
3 68,613020.5684210527,6651006.147368421,148.36311,0
3 69,613022.9052631579,6651001.642105263,148.4719,0
3 70,613025.2421052632,6650997.136842106,148.2697,0
3 71,613027.5789473684,6650992.631578947,148.10373,0
3 72,613029.9157894737,6650988.126315789,148.05453,0
3 73,613032.252631579,6650983.621052631,148.0282,0
3 74,613034.5894736842,6650979.115789474,147.95262,0
3 75,613036.9263157895,6650974.610526316,148.11699,0
3 76,613039.2631578947,6650970.105263158,148.11584,0
3 77,613041.6,6650965.6,148.05879,0
3 78,613043.9368421052,6650961.094736842,148.03862,0
3 79,613046.2736842105,6650956.589473684,147.91087,0
3 80,613048.6105263158,6650952.084210526,148.0631,0
3 81,613050.947368421,6650947.578947368,148.16338,0
3 82,613053.2842105263,6650943.073684211,148.41545,0
3 83,613055.6210526315,6650938.568421053,148.48462,0
3 84,613057.9578947368,6650934.063157895,148.57726,0
3 85,613060.2947368422,6650929.5578947365,148.70085,0
3 86,613062.6315789474,6650925.052631579,148.79053,0
3 87,613064.9684210527,6650920.547368421,148.90097,0
3 88,613067.3052631579,6650916.042105263,149.11934,0
3 89,613069.6421052632,6650911.536842105,149.21864,0
3 90,613071.9789473685,6650907.031578948,149.32512,0
3 91,613074.3157894737,6650902.52631579,149.538,0
3 92,613076.652631579,6650898.021052632,149.8267,0
3 93,613078.9894736842,6650893.515789473,149.83397,0
3 94,613081.3263157895,6650889.010526316,149.78555,0
3 95,613083.6631578947,6650884.505263158,149.51643,0
3 96,613086.0,6650880.0,149.4313,0
4 1,613062.5,6651222.5,131.4339,0
4 2,613063.4063157894,6651222.075789474,131.5526,0
4 3,613064.312631579,6651221.651578947,131.54169,0
4 4,613065.2189473684,6651221.227368421,131.5732,0
4 5,613066.1252631579,6651220.803157895,131.68263,0
4 6,613067.0315789473,6651220.378947369,131.70795,0
4 7,613067.9378947369,6651219.954736842,131.77234,0
4 8,613068.8442105263,6651219.530526316,131.76094,0
4 9,613069.7505263158,6651219.10631579,131.83466,0
4 10,613070.6568421052,6651218.682105263,131.89368,0
4 11,613071.5631578948,6651218.257894737,131.93591,0
4 12,613072.4694736842,6651217.833684211,131.91931,0
4 13,613073.3757894736,6651217.409473685,131.95128,0
4 14,613074.2821052632,6651216.985263158,131.99965,0
4 15,613075.1884210526,6651216.561052632,132.07217,0
4 16,613076.0947368421,6651216.136842106,132.04224,0
4 17,613077.0010526315,6651215.712631579,132.09747,0
4 18,613077.9073684211,6651215.2884210525,132.16554,0
4 19,613078.8136842105,6651214.864210526,132.26189,0
4 20,613079.72,6651214.44,132.33008,0
4 21,613080.6263157894,6651214.015789473,132.26369,0
4 22,613081.532631579,6651213.591578947,132.32132,0
4 23,613082.4389473684,6651213.167368421,132.32132,0
4 24,613083.3452631579,6651212.743157894,132.38623,0
4 25,613084.2515789474,6651212.318947368,132.36507,0
4 26,613085.1578947369,6651211.894736842,132.44302,0
4 27,613086.0642105263,6651211.470526316,132.41013,0
4 28,613086.9705263157,6651211.046315789,132.49257,0
4 29,613087.8768421053,6651210.622105263,132.49358,0
4 30,613088.7831578947,6651210.197894737,132.59789,0
4 31,613089.6894736842,6651209.77368421,132.57437,0
4 32,613090.5957894736,6651209.349473684,132.67392,0
4 33,613091.5021052632,6651208.925263158,132.66841,0
4 34,613092.4084210526,6651208.501052632,132.7595,0
4 35,613093.3147368421,6651208.076842105,132.73483,0
4 36,613094.2210526316,6651207.652631579,132.85318,0
4 37,613095.1273684211,6651207.228421053,132.84106,0
4 38,613096.0336842105,6651206.804210526,132.90887,0
4 39,613096.94,6651206.38,132.88512,0
4 40,613097.8463157895,6651205.955789474,132.9423,0
4 41,613098.752631579,6651205.531578948,132.92253,0
4 42,613099.6589473684,6651205.107368421,132.99614,0
4 43,613100.5652631578,6651204.683157895,132.9714,0
4 44,613101.4715789474,6651204.258947369,133.02725,0
4 45,613102.3778947368,6651203.834736842,133.02725,0
4 46,613103.2842105263,6651203.410526316,133.07521,0
4 47,613104.1905263158,6651202.98631579,133.06839,0
4 48,613105.0968421053,6651202.562105264,133.10481,0
4 49,613106.0031578947,6651202.137894737,133.0965,0
4 50,613106.9094736842,6651201.713684211,133.1336,0
4 51,613107.8157894737,6651201.2894736845,133.11903,0
4 52,613108.7221052632,6651200.865263158,133.16449,0
4 53,613109.6284210526,6651200.4410526315,133.17424,0
4 54,613110.5347368421,6651200.016842105,133.2315,0
4 55,613111.4410526316,6651199.592631579,133.23276,0
4 56,613112.347368421,6651199.168421052,133.26894,0
4 57,613113.2536842105,6651198.744210526,133.28171,0
4 58,613114.16,6651198.32,133.28415,0
4 59,613115.0663157895,6651197.895789474,133.3018,0
4 60,613115.9726315789,6651197.471578947,133.30292,0
4 61,613116.8789473684,6651197.047368421,133.32382,0
4 62,613117.7852631579,6651196.623157895,133.36642,0
4 63,613118.6915789474,6651196.198947368,133.39818,0
4 64,613119.5978947368,6651195.774736842,133.49007,0
4 65,613120.5042105264,6651195.350526316,133.51994,0
4 66,613121.4105263158,6651194.92631579,133.6018,0
4 67,613122.3168421052,6651194.502105263,133.6018,0
4 68,613123.2231578947,6651194.077894737,133.67447,0
4 69,613124.1294736842,6651193.653684211,133.70494,0
4 70,613125.0357894737,6651193.229473684,133.80911,0
4 71,613125.9421052631,6651192.805263158,133.84926,0
4 72,613126.8484210526,6651192.381052632,133.92384,0
4 73,613127.7547368421,6651191.956842106,133.94585,0
4 74,613128.6610526316,6651191.532631579,134.0233,0
4 75,613129.567368421,6651191.108421053,134.0233,0
4 76,613130.4736842106,6651190.684210527,134.1256,0
4 77,613131.38,6651190.26,134.12962,0
4 78,613132.2863157894,6651189.835789474,134.24458,0
4 79,613133.1926315789,6651189.411578948,134.23267,0
4 80,613134.0989473684,6651188.987368422,134.33612,0
4 81,613135.0052631579,6651188.563157895,134.32062,0
4 82,613135.9115789473,6651188.138947369,134.40584,0
4 83,613136.8178947368,6651187.714736843,134.38933,0
4 84,613137.7242105263,6651187.290526316,134.46759,0
4 85,613138.6305263158,6651186.8663157895,134.46358,0
4 86,613139.5368421052,6651186.4421052635,134.51132,0
4 87,613140.4431578948,6651186.017894737,134.50381,0
4 88,613141.3494736842,6651185.59368421,134.53868,0
4 89,613142.2557894737,6651185.169473684,134.53868,0
4 90,613143.1621052631,6651184.745263158,134.6006,0
4 91,613144.0684210527,6651184.321052631,134.62473,0
4 92,613144.9747368421,6651183.896842105,134.72739,0
4 93,613145.8810526315,6651183.472631579,134.72536,0
4 94,613146.787368421,6651183.048421053,134.8463,0
4 95,613147.6936842105,6651182.624210526,135.0002,0
4 96,613148.6,6651182.2,134.9826,0
5 1,612929.1,6651287.2,122.72821,0
5 2,612933.7957446808,6651284.940425532,123.22823,0
5 3,612938.4914893617,6651282.680851064,123.33763,0
5 4,612943.1872340426,6651280.421276596,123.73238,0
5 5,612947.8829787234,6651278.161702128,123.87369,0
5 6,612952.5787234042,6651275.90212766,124.16075,0
5 7,612957.2744680851,6651273.642553192,124.61554,0
5 8,612961.970212766,6651271.382978723,125.35606,0
5 9,612966.6659574468,6651269.123404255,126.04997,0
5 10,612971.3617021276,6651266.863829788,126.80196,0
5 11,612976.0574468086,6651264.60425532,127.05544,0
5 12,612980.7531914894,6651262.344680851,127.67215,0
5 13,612985.4489361702,6651260.085106383,128.59512,0
5 14,612990.144680851,6651257.825531915,129.03407,0
5 15,612994.840425532,6651255.565957447,129.25601,0
5 16,612999.5361702128,6651253.306382979,128.94856,0
5 17,613004.2319148936,6651251.046808511,129.37732,0
5 18,613008.9276595744,6651248.787234043,129.43011,0
5 19,613013.6234042554,6651246.5276595745,129.87445,0
5 20,613018.3191489362,6651244.268085106,130.08,0
5 21,613023.014893617,6651242.008510638,130.49223,0
5 22,613027.7106382978,6651239.748936171,130.56569,0
5 23,613032.4063829788,6651237.489361702,131.41713,0
5 24,613037.1021276596,6651235.229787234,131.51828,0
5 25,613041.7978723404,6651232.970212766,131.12683,0
5 26,613046.4936170212,6651230.710638298,131.13786,0
5 27,613051.1893617022,6651228.4510638295,131.19736,0
5 28,613055.885106383,6651226.191489362,131.3052,0
5 29,613060.5808510638,6651223.931914894,131.40915,0
5 30,613065.2765957447,6651221.672340426,131.5732,0
5 31,613069.9723404256,6651219.412765957,131.91356,0
5 32,613074.6680851064,6651217.153191489,132.0047,0
5 33,613079.3638297872,6651214.893617021,132.25838,0
5 34,613084.0595744681,6651212.634042554,132.36507,0
5 35,613088.755319149,6651210.374468085,132.49358,0
5 36,613093.4510638298,6651208.114893617,132.73483,0
5 37,613098.1468085106,6651205.855319149,132.9423,0
5 38,613102.8425531915,6651203.595744681,133.01857,0
5 39,613107.5382978724,6651201.336170212,133.1336,0
5 40,613112.2340425532,6651199.076595745,133.26894,0
5 41,613116.929787234,6651196.817021277,133.32382,0
5 42,613121.6255319149,6651194.557446809,133.6018,0
5 43,613126.3212765958,6651192.29787234,133.90842,0
5 44,613131.0170212766,6651190.038297872,134.23175,0
5 45,613135.7127659575,6651187.778723404,134.40584,0
5 46,613140.4085106383,6651185.5191489365,134.56119,0
5 47,613145.1042553192,6651183.259574468,134.79103,0
5 48,613149.8,6651181.0,135.1033,0
6 1,613066.5,6651399.2,127.98419,0
6 2,613067.3957894737,6651399.656842105,128.03325,0
6 3,613068.2915789473,6651400.113684211,128.06339,0
6 4,613069.187368421,6651400.570526316,127.999405,0
6 5,613070.0831578948,6651401.027368422,128.03828,0
6 6,613070.9789473685,6651401.484210527,127.99249,0
6 7,613071.8747368421,6651401.9410526315,128.03131,0
6 8,613072.7705263158,6651402.397894737,128.07263,0
6 9,613073.6663157895,6651402.854736842,128.06538,0
6 10,613074.5621052631,6651403.311578947,128.10928,0
6 11,613075.4578947368,6651403.768421053,128.13773,0
6 12,613076.3536842106,6651404.225263158,128.12782,0
6 13,613077.2494736842,6651404.682105264,128.16293,0
6 14,613078.1452631579,6651405.138947369,128.14546,0
6 15,613079.0410526316,6651405.5957894735,128.14546,0
6 16,613079.9368421052,6651406.052631579,128.19592,0
6 17,613080.8326315789,6651406.509473684,128.1744,0
6 18,613081.7284210527,6651406.966315789,128.2129,0
6 19,613082.6242105264,6651407.423157895,128.26678,0
6 20,613083.52,6651407.88,128.24142,0
6 21,613084.4157894737,6651408.336842106,128.28302,0
6 22,613085.3115789474,6651408.793684211,128.24443,0
6 23,613086.207368421,6651409.2505263155,128.2902,0
6 24,613087.1031578947,6651409.707368421,128.32445,0
6 25,613087.9989473685,6651410.164210526,128.28262,0
6 26,613088.8947368421,6651410.621052631,128.34454,0
6 27,613089.7905263158,6651411.077894737,128.37862,0
6 28,613090.6863157895,6651411.534736842,128.33736,0
6 29,613091.5821052631,6651411.991578948,128.37769,0
6 30,613092.4778947368,6651412.448421053,128.30702,0
6 31,613093.3736842105,6651412.905263158,128.34807,0
6 32,613094.2694736843,6651413.362105263,128.37016,0
6 33,613095.1652631579,6651413.818947368,128.3153,0
6 34,613096.0610526316,6651414.275789474,128.34433,0
6 35,613096.9568421053,6651414.732631579,128.36119,0
6 36,613097.8526315789,6651415.189473684,128.28836,0
6 37,613098.7484210526,6651415.64631579,128.2941,0
6 38,613099.6442105263,6651416.103157895,128.20915,0
6 39,613100.54,6651416.56,128.20021,0
6 40,613101.4357894737,6651417.016842105,128.18423,0
6 41,613102.3315789474,6651417.47368421,128.09778,0
6 42,613103.227368421,6651417.930526316,128.07567,0
6 43,613104.1231578947,6651418.387368421,128.05069,0
6 44,613105.0189473684,6651418.844210526,127.98639,0
6 45,613105.914736842,6651419.301052632,127.98639,0
6 46,613106.8105263158,6651419.757894737,127.935936,0
6 47,613107.7063157895,6651420.214736842,127.935715,0
6 48,613108.6021052632,6651420.671578947,127.94282,0
6 49,613109.4978947368,6651421.128421052,127.96583,0
6 50,613110.3936842105,6651421.585263158,127.998795,0
6 51,613111.2894736842,6651422.042105263,128.03423,0
6 52,613112.1852631579,6651422.498947368,128.06921,0
6 53,613113.0810526316,6651422.955789474,128.1265,0
6 54,613113.9768421053,6651423.412631579,128.14781,0
6 55,613114.8726315789,6651423.869473684,128.18906,0
6 56,613115.7684210526,6651424.3263157895,128.2206,0
6 57,613116.6642105263,6651424.783157894,128.25745,0
6 58,613117.5599999999,6651425.24,128.32796,0
6 59,613118.4557894737,6651425.696842105,128.38792,0
6 60,613119.3515789474,6651426.15368421,128.41867,0
6 61,613120.247368421,6651426.610526316,128.41867,0
6 62,613121.1431578947,6651427.067368421,128.4547,0
6 63,613122.0389473684,6651427.524210526,128.51988,0
6 64,613122.934736842,6651427.9810526315,128.58113,0
6 65,613123.8305263157,6651428.437894736,128.59235,0
6 66,613124.7263157895,6651428.894736842,128.649,0
6 67,613125.6221052632,6651429.351578947,128.70749,0
6 68,613126.5178947368,6651429.808421052,128.71492,0
6 69,613127.4136842105,6651430.265263158,128.77423,0
6 70,613128.3094736842,6651430.722105263,128.78932,0
6 71,613129.2052631578,6651431.178947369,128.85052,0
6 72,613130.1010526315,6651431.635789474,128.90425,0
6 73,613130.9968421053,6651432.092631578,128.94403,0
6 74,613131.892631579,6651432.549473684,129.01942,0
6 75,613132.7884210526,6651433.006315789,129.08324,0
6 76,613133.6842105263,6651433.463157894,129.10541,0
6 77,613134.58,6651433.92,129.19081,0
6 78,613135.4757894736,6651434.376842105,129.27306,0
6 79,613136.3715789473,6651434.833684211,129.3397,0
6 80,613137.2673684211,6651435.290526316,129.38733,0
6 81,613138.1631578947,6651435.7473684205,129.4458,0
6 82,613139.0589473684,6651436.204210526,129.48557,0
6 83,613139.9547368421,6651436.661052631,129.53345,0
6 84,613140.8505263157,6651437.117894736,129.58713,0
6 85,613141.7463157894,6651437.574736842,129.63019,0
6 86,613142.6421052632,6651438.031578947,129.6921,0
6 87,613143.5378947369,6651438.488421053,129.7449,0
6 88,613144.4336842105,6651438.945263158,129.78351,0
6 89,613145.3294736842,6651439.4021052625,129.83192,0
6 90,613146.2252631579,6651439.858947368,129.84804,0
6 91,613147.1210526315,6651440.315789473,129.84804,0
6 92,613148.0168421052,6651440.772631578,129.89561,0
6 93,613148.912631579,6651441.229473684,129.90384,0
6 94,613149.8084210526,6651441.686315789,129.9216,0
6 95,613150.7042105263,6651442.143157895,129.9829,0
6 96,613151.6,6651442.6,130.0386,0
7 1,613003.8,6651367.0,125.68552,0
7 2,613004.6905263158,6651367.461052632,125.684975,0
7 3,613005.5810526316,6651367.922105263,125.74312,0
7 4,613006.4715789474,6651368.383157895,125.79764,0
7 5,613007.3621052632,6651368.844210526,125.843414,0
7 6,613008.252631579,6651369.305263158,125.92351,0
7 7,613009.1431578948,6651369.76631579,126.00972,0
7 8,613010.0336842106,6651370.227368421,126.09676,0
7 9,613010.9242105264,6651370.688421053,126.09676,0
7 10,613011.8147368422,6651371.149473684,126.182236,0
7 11,613012.705263158,6651371.610526316,126.25453,0
7 12,613013.5957894737,6651372.071578947,126.30676,0
7 13,613014.4863157895,6651372.532631579,126.35237,0
7 14,613015.3768421053,6651372.993684211,126.41319,0
7 15,613016.2673684211,6651373.454736842,126.437546,0
7 16,613017.1578947369,6651373.915789474,126.46834,0
7 17,613018.0484210526,6651374.376842105,126.50776,0
7 18,613018.9389473684,6651374.837894737,126.53707,0
7 19,613019.8294736843,6651375.298947369,126.57103,0
7 20,613020.7200000001,6651375.76,126.57819,0
7 21,613021.6105263159,6651376.221052632,126.612854,0
7 22,613022.5010526316,6651376.682105263,126.65169,0
7 23,613023.3915789474,6651377.143157895,126.61189,0
7 24,613024.2821052632,6651377.604210527,126.64412,0
7 25,613025.172631579,6651378.065263158,126.66746,0
7 26,613026.0631578948,6651378.52631579,126.62692,0
7 27,613026.9536842105,6651378.987368421,126.651276,0
7 28,613027.8442105263,6651379.448421053,126.65624,0
7 29,613028.7347368421,6651379.909473685,126.68369,0
7 30,613029.6252631579,6651380.370526316,126.72224,0
7 31,613030.5157894738,6651380.831578948,126.740395,0
7 32,613031.4063157896,6651381.292631579,126.75948,0
7 33,613032.2968421053,6651381.753684211,126.767944,0
7 34,613033.1873684211,6651382.214736842,126.778404,0
7 35,613034.0778947369,6651382.675789474,126.791664,0
7 36,613034.9684210527,6651383.136842106,126.82826,0
7 37,613035.8589473685,6651383.597894737,126.82826,0
7 38,613036.7494736842,6651384.0589473685,126.86396,0
7 39,613037.64,6651384.52,126.89625,0
7 40,613038.5305263158,6651384.9810526315,126.91844,0
7 41,613039.4210526316,6651385.4421052635,126.98068,0
7 42,613040.3115789474,6651385.9031578945,126.98291,0
7 43,613041.2021052632,6651386.364210526,127.02075,0
7 44,613042.092631579,6651386.8252631575,127.05121,0
7 45,613042.9831578948,6651387.286315789,127.07251,0
7 46,613043.8736842106,6651387.747368421,127.101746,0
7 47,613044.7642105264,6651388.208421052,127.108315,0
7 48,613045.6547368421,6651388.669473684,127.13919,0
7 49,613046.5452631579,6651389.130526315,127.18053,0
7 50,613047.4357894737,6651389.591578947,127.20206,0
7 51,613048.3263157895,6651390.052631578,127.20206,0
7 52,613049.2168421053,6651390.51368421,127.2277,0
7 53,613050.107368421,6651390.974736842,127.29008,0
7 54,613050.9978947368,6651391.435789473,127.37179,0
7 55,613051.8884210527,6651391.896842105,127.422874,0
7 56,613052.7789473685,6651392.357894736,127.51458,0
7 57,613053.6694736843,6651392.818947368,127.567406,0
7 58,613054.56,6651393.28,127.64427,0
7 59,613055.4505263158,6651393.741052631,127.71406,0
7 60,613056.3410526316,6651394.202105263,127.73964,0
7 61,613057.2315789474,6651394.663157894,127.805824,0
7 62,613058.1221052632,6651395.124210526,127.85698,0
7 63,613059.012631579,6651395.585263158,127.86674,0
7 64,613059.9031578947,6651396.046315789,127.92139,0
7 65,613060.7936842105,6651396.507368421,127.8737,0
7 66,613061.6842105263,6651396.968421052,127.91666,0
7 67,613062.5747368422,6651397.429473684,127.964195,0
7 68,613063.465263158,6651397.890526315,127.94964,0
7 69,613064.3557894737,6651398.351578947,127.98896,0
7 70,613065.2463157895,6651398.812631579,128.02408,0
7 71,613066.1368421053,6651399.27368421,127.98419,0
7 72,613067.0273684211,6651399.734736842,128.03325,0
7 73,613067.9178947369,6651400.195789473,127.97661,0
7 74,613068.8084210526,6651400.656842105,127.999405,0
7 75,613069.6989473684,6651401.117894737,128.03828,0
7 76,613070.5894736842,6651401.578947368,127.99249,0
7 77,613071.48,6651402.04,128.03131,0
7 78,613072.3705263158,6651402.501052631,128.07263,0
7 79,613073.2610526317,6651402.962105263,128.01175,0
7 80,613074.1515789474,6651403.423157895,128.06538,0
7 81,613075.0421052632,6651403.884210526,128.03876,0
7 82,613075.932631579,6651404.345263158,128.0807,0
7 83,613076.8231578948,6651404.806315789,128.12782,0
7 84,613077.7136842106,6651405.267368421,128.10701,0
7 85,613078.6042105263,6651405.728421053,128.14546,0
7 86,613079.4947368421,6651406.189473684,128.19592,0
7 87,613080.3852631579,6651406.650526316,128.1744,0
7 88,613081.2757894737,6651407.111578947,128.2129,0
7 89,613082.1663157895,6651407.572631579,128.19662,0
7 90,613083.0568421052,6651408.03368421,128.24142,0
7 91,613083.9473684211,6651408.494736842,128.28302,0
7 92,613084.8378947369,6651408.955789474,128.24443,0
7 93,613085.7284210527,6651409.416842105,128.24443,0
7 94,613086.6189473685,6651409.877894737,128.19975,0
7 95,613087.5094736842,6651410.338947368,128.24902,0
7 96,613088.4,6651410.8,128.28262,0
8 1,612854.8,6651333.8,120.68654,0
8 2,612859.4936507937,6651335.558730159,119.47554,0
8 3,612864.1873015873,6651337.317460317,119.587494,0
8 4,612868.880952381,6651339.076190476,119.77952,0
8 5,612873.5746031747,6651340.8349206345,119.85561,0
8 6,612878.2682539683,6651342.593650794,120.23628,0
8 7,612882.961904762,6651344.352380952,120.65322,0
8 8,612887.6555555556,6651346.111111111,120.92315,0
8 9,612892.3492063492,6651347.869841269,121.20049,0
8 10,612897.0428571429,6651349.628571428,121.62487,0
8 11,612901.7365079365,6651351.3873015875,121.86291,0
8 12,612906.4301587302,6651353.146031746,122.12887,0
8 13,612911.1238095239,6651354.904761905,122.42712,0
8 14,612915.8174603175,6651356.663492063,122.62047,0
8 15,612920.5111111111,6651358.422222222,122.86851,0
8 16,612925.2047619048,6651360.18095238,122.96745,0
8 17,612929.8984126984,6651361.93968254,123.193054,0
8 18,612934.592063492,6651363.698412698,123.20339,0
8 19,612939.2857142858,6651365.457142857,123.35847,0
8 20,612943.9793650794,6651367.215873016,123.44571,0
8 21,612948.6730158731,6651368.974603174,123.49698,0
8 22,612953.3666666667,6651370.733333333,123.583206,0
8 23,612958.0603174603,6651372.492063492,123.64775,0
8 24,612962.753968254,6651374.250793651,123.755905,0
8 25,612967.4476190476,6651376.009523809,123.88802,0
8 26,612972.1412698413,6651377.768253968,123.963646,0
8 27,612976.834920635,6651379.526984126,124.13036,0
8 28,612981.5285714286,6651381.285714285,124.344246,0
8 29,612986.2222222222,6651383.044444445,124.61606,0
8 30,612990.9158730159,6651384.803174603,124.86847,0
8 31,612995.6095238095,6651386.561904762,125.03356,0
8 32,613000.3031746031,6651388.32063492,125.00507,0
8 33,613004.9968253969,6651390.079365079,125.13287,0
8 34,613009.6904761905,6651391.8380952375,125.345314,0
8 35,613014.3841269842,6651393.596825397,125.59346,0
8 36,613019.0777777778,6651395.355555555,125.85779,0
8 37,613023.7714285714,6651397.114285714,126.12688,0
8 38,613028.4650793651,6651398.873015873,126.30497,0
8 39,613033.1587301587,6651400.631746031,126.51324,0
8 40,613037.8523809524,6651402.3904761905,126.6523,0
8 41,613042.5460317461,6651404.149206349,126.78733,0
8 42,613047.2396825397,6651405.907936508,126.87296,0
8 43,613051.9333333333,6651407.666666666,127.05415,0
8 44,613056.626984127,6651409.425396825,127.09312,0
8 45,613061.3206349206,6651411.184126983,127.14665,0
8 46,613066.0142857142,6651412.942857143,127.22639,0
8 47,613070.707936508,6651414.701587302,127.297485,0
8 48,613075.4015873016,6651416.46031746,127.43283,0
8 49,613080.0952380953,6651418.219047619,127.5298,0
8 50,613084.7888888889,6651419.977777777,127.64049,0
8 51,613089.4825396825,6651421.736507936,127.80617,0
8 52,613094.1761904762,6651423.495238095,127.90459,0
8 53,613098.8698412698,6651425.253968254,127.82347,0
8 54,613103.5634920635,6651427.012698412,127.68812,0
8 55,613108.2571428572,6651428.771428571,127.83268,0
8 56,613112.9507936508,6651430.53015873,128.06898,0
8 57,613117.6444444444,6651432.288888888,128.22426,0
8 58,613122.3380952381,6651434.047619048,128.44434,0
8 59,613127.0317460317,6651435.806349206,128.69435,0
8 60,613131.7253968253,6651437.565079365,129.04613,0
8 61,613136.4190476191,6651439.323809523,129.38905,0
8 62,613141.1126984127,6651441.082539682,129.63176,0
8 63,613145.8063492064,6651442.8412698405,129.83293,0
8 64,613150.5,6651444.6,130.02315,0
9 1,613176.2,6651047.5,138.3285,0
9 2,613177.0757894736,6651047.006315789,138.42058,0
9 3,613177.9515789474,6651046.512631579,138.3331,0
9 4,613178.827368421,6651046.0189473685,138.38628,0
9 5,613179.7031578947,6651045.525263158,138.40259,0
9 6,613180.5789473684,6651045.031578948,138.49347,0
9 7,613181.4547368421,6651044.537894737,138.45802,0
9 8,613182.3305263157,6651044.044210526,138.45694,0
9 9,613183.2063157895,6651043.550526315,138.45694,0
9 10,613184.0821052631,6651043.056842105,138.46191,0
9 11,613184.9578947368,6651042.563157895,138.52072,0
9 12,613185.8336842104,6651042.069473684,138.47939,0
9 13,613186.7094736842,6651041.575789474,138.5925,0
9 14,613187.5852631578,6651041.082105263,138.59756,0
9 15,613188.4610526315,6651040.588421052,138.69994,0
9 16,613189.3368421053,6651040.094736842,138.67834,0
9 17,613190.2126315789,6651039.601052632,138.78262,0
9 18,613191.0884210526,6651039.107368421,138.79709,0
9 19,613191.9642105263,6651038.61368421,138.84349,0
9 20,613192.84,6651038.12,138.8694,0
9 21,613193.7157894736,6651037.626315789,138.9088,0
9 22,613194.5915789474,6651037.1326315785,139.02155,0
9 23,613195.467368421,6651036.638947369,139.01149,0
9 24,613196.3431578947,6651036.145263158,139.139,0
9 25,613197.2189473684,6651035.651578947,139.12032,0
9 26,613198.0947368421,6651035.157894737,139.27208,0
9 27,613198.9705263157,6651034.664210526,139.27208,0
9 28,613199.8463157895,6651034.170526315,139.38283,0
9 29,613200.7221052632,6651033.676842106,139.46559,0
9 30,613201.5978947368,6651033.183157895,139.3872,0
9 31,613202.4736842104,6651032.689473684,139.44453,0
9 32,613203.3494736842,6651032.195789473,139.44453,0
9 33,613204.2252631579,6651031.702105263,139.49315,0
9 34,613205.1010526315,6651031.208421052,139.4587,0
9 35,613205.9768421053,6651030.714736842,139.48071,0
9 36,613206.8526315789,6651030.221052632,139.50609,0
9 37,613207.7284210526,6651029.727368421,139.53156,0
9 38,613208.6042105263,6651029.23368421,139.5368,0
9 39,613209.48,6651028.74,139.56326,0
9 40,613210.3557894736,6651028.246315789,139.57831,0
9 41,613211.2315789474,6651027.752631579,139.65068,0
9 42,613212.107368421,6651027.258947369,139.68132,0
9 43,613212.9831578947,6651026.765263158,139.6792,0
9 44,613213.8589473685,6651026.271578947,139.6792,0
9 45,613214.7347368421,6651025.777894736,139.66612,0
9 46,613215.6105263158,6651025.284210526,139.77118,0
9 47,613216.4863157895,6651024.790526316,139.7885,0
9 48,613217.3621052632,6651024.296842105,139.88092,0
9 49,613218.2378947368,6651023.803157895,139.858,0
9 50,613219.1136842105,6651023.309473684,139.73969,0
9 51,613219.9894736842,6651022.815789473,139.78928,0
9 52,613220.8652631579,6651022.322105263,139.73402,0
9 53,613221.7410526315,6651021.828421053,139.7596,0
9 54,613222.6168421053,6651021.334736842,139.70772,0
9 55,613223.4926315789,6651020.841052631,139.74516,0
9 56,613224.3684210526,6651020.347368421,139.72545,0
9 57,613225.2442105263,6651019.85368421,139.7739,0
9 58,613226.12,6651019.359999999,139.74608,0
9 59,613226.9957894736,6651018.8663157895,139.77698,0
9 60,613227.8715789474,6651018.372631579,139.77441,0
9 61,613228.747368421,6651017.878947368,139.78525,0
9 62,613229.6231578947,6651017.385263158,139.78525,0
9 63,613230.4989473685,6651016.891578947,139.85216,0
9 64,613231.3747368421,6651016.397894736,139.90425,0
9 65,613232.2505263158,6651015.9042105265,139.79163,0
9 66,613233.1263157895,6651015.410526316,139.87894,0
9 67,613234.0021052632,6651014.916842105,139.87894,0
9 68,613234.8778947368,6651014.423157894,140.01982,0
9 69,613235.7536842105,6651013.929473684,139.92447,0
9 70,613236.6294736842,6651013.435789473,140.00348,0
9 71,613237.5052631579,6651012.942105263,140.10266,0
9 72,613238.3810526315,6651012.448421053,139.9603,0
9 73,613239.2568421053,6651011.954736842,140.31598,0
9 74,613240.132631579,6651011.461052631,140.12157,0
9 75,613241.0084210526,6651010.967368421,140.22672,0
9 76,613241.8842105264,6651010.47368421,140.05853,0
9 77,613242.76,6651009.9799999995,140.12689,0
9 78,613243.6357894737,6651009.48631579,140.28212,0
9 79,613244.5115789474,6651008.992631579,140.28212,0
9 80,613245.3873684211,6651008.498947368,140.41676,0
9 81,613246.2631578947,6651008.005263157,140.20505,0
9 82,613247.1389473685,6651007.511578947,140.32568,0
9 83,613248.0147368421,6651007.0178947365,140.11961,0
9 84,613248.8905263158,6651006.524210526,140.25893,0
9 85,613249.7663157895,6651006.030526316,140.54535,0
9 86,613250.6421052632,6651005.536842105,140.35638,0
9 87,613251.5178947368,6651005.043157894,140.3147,0
9 88,613252.3936842105,6651004.549473684,140.03392,0
9 89,613253.2694736843,6651004.0557894735,140.1923,0
9 90,613254.1452631579,6651003.562105263,140.39597,0
9 91,613255.0210526315,6651003.068421052,140.58717,0
9 92,613255.8968421053,6651002.574736842,140.69902,0
9 93,613256.772631579,6651002.081052631,140.56226,0
9 94,613257.6484210526,6651001.58736842,140.47029,0
9 95,613258.5242105264,6651001.09368421,140.50589,0
9 96,613259.4,6651000.6,140.50821,0
10 1,612917.8,6651209.6,133.36168,0
10 2,612922.1240506329,6651206.949367088,133.33382,0
10 3,612926.4481012658,6651204.298734177,133.54951,0
10 4,612930.7721518988,6651201.648101266,133.63695,0
10 5,612935.0962025317,6651198.997468354,134.00917,0
10 6,612939.4202531646,6651196.346835443,134.3131,0
10 7,612943.7443037975,6651193.696202531,134.56212,0
10 8,612948.0683544304,6651191.04556962,135.18303,0
10 9,612952.3924050634,6651188.394936709,135.77962,0
10 10,612956.7164556963,6651185.744303797,135.8646,0
10 11,612961.0405063292,6651183.093670886,136.13972,0
10 12,612965.364556962,6651180.443037975,136.32936,0
10 13,612969.6886075949,6651177.792405063,136.52864,0
10 14,612974.0126582279,6651175.141772152,136.34668,0
10 15,612978.3367088608,6651172.491139241,136.05904,0
10 16,612982.6607594937,6651169.840506329,136.19998,0
10 17,612986.9848101266,6651167.189873418,136.43471,0
10 18,612991.3088607595,6651164.5392405065,136.77808,0
10 19,612995.6329113925,6651161.888607595,136.99936,0
10 20,612999.9569620254,6651159.237974684,137.14304,0
10 21,613004.2810126583,6651156.587341771,137.28763,0
10 22,613008.6050632912,6651153.93670886,137.55472,0
10 23,613012.929113924,6651151.286075949,138.51468,0
10 24,613017.253164557,6651148.635443037,138.80139,0
10 25,613021.5772151899,6651145.984810126,138.9868,0
10 26,613025.9012658228,6651143.334177215,138.81848,0
10 27,613030.2253164557,6651140.683544303,138.8635,0
10 28,613034.5493670886,6651138.032911392,138.88264,0
10 29,613038.8734177216,6651135.382278481,138.83849,0
10 30,613043.1974683545,6651132.731645569,138.78616,0
10 31,613047.5215189874,6651130.081012658,138.82375,0
10 32,613051.8455696203,6651127.4303797465,138.83527,0
10 33,613056.1696202531,6651124.779746835,138.92346,0
10 34,613060.4936708861,6651122.129113924,138.87706,0
10 35,613064.817721519,6651119.478481012,138.84741,0
10 36,613069.1417721519,6651116.827848101,138.71182,0
10 37,613073.4658227848,6651114.17721519,138.69077,0
10 38,613077.7898734177,6651111.526582278,138.53354,0
10 39,613082.1139240507,6651108.875949367,138.4717,0
10 40,613086.4379746836,6651106.225316456,138.29942,0
10 41,613090.7620253165,6651103.574683544,138.19688,0
10 42,613095.0860759494,6651100.924050633,138.28972,0
10 43,613099.4101265824,6651098.2734177215,138.16345,0
10 44,613103.7341772153,6651095.62278481,138.17973,0
10 45,613108.0582278481,6651092.972151899,138.15886,0
10 46,613112.382278481,6651090.321518987,138.13316,0
10 47,613116.7063291139,6651087.670886076,138.33923,0
10 48,613121.0303797469,6651085.020253165,138.47824,0
10 49,613125.3544303798,6651082.369620253,138.37488,0
10 50,613129.6784810127,6651079.718987342,138.13724,0
10 51,613134.0025316456,6651077.068354431,137.96725,0
10 52,613138.3265822785,6651074.417721519,137.87068,0
10 53,613142.6506329115,6651071.767088608,138.28769,0
10 54,613146.9746835444,6651069.1164556965,137.65465,0
10 55,613151.2987341773,6651066.465822785,137.67796,0
10 56,613155.6227848101,6651063.815189874,137.95824,0
10 57,613159.946835443,6651061.164556962,138.16995,0
10 58,613164.270886076,6651058.513924051,138.3471,0
10 59,613168.5949367089,6651055.86329114,138.4816,0
10 60,613172.9189873418,6651053.212658228,138.62996,0
10 61,613177.2430379747,6651050.562025316,138.73074,0
10 62,613181.5670886076,6651047.911392405,138.82912,0
10 63,613185.8911392406,6651045.260759493,138.89716,0
10 64,613190.2151898735,6651042.610126582,138.97893,0
10 65,613194.5392405064,6651039.959493671,139.11098,0
10 66,613198.8632911392,6651037.308860759,139.23695,0
10 67,613203.1873417721,6651034.658227848,139.36728,0
10 68,613207.5113924051,6651032.0075949365,139.54932,0
10 69,613211.835443038,6651029.356962025,139.75162,0
10 70,613216.1594936709,6651026.706329114,139.93353,0
10 71,613220.4835443038,6651024.055696202,140.03064,0
10 72,613224.8075949367,6651021.405063291,139.79141,0
10 73,613229.1316455697,6651018.75443038,139.82712,0
10 74,613233.4556962026,6651016.103797468,139.76044,0
10 75,613237.7797468355,6651013.453164557,139.86182,0
10 76,613242.1037974684,6651010.802531646,140.05853,0
10 77,613246.4278481012,6651008.151898734,140.20505,0
10 78,613250.7518987342,6651005.501265823,140.35638,0
10 79,613255.0759493671,6651002.850632912,140.58717,0
10 80,613259.4,6651000.2,140.50821,0
11 1,612976.6,6651127.7,141.47449,0
11 2,612976.6431578947,6651128.697894737,141.53192,0
11 3,612976.6863157895,6651129.695789474,141.51808,0
11 4,612976.7294736842,6651130.693684211,141.0941,0
11 5,612976.772631579,6651131.691578948,141.07925,0
11 6,612976.8157894737,6651132.689473684,141.0399,0
11 7,612976.8589473683,6651133.687368421,140.96225,0
11 8,612976.9021052631,6651134.685263158,140.88435,0
11 9,612976.9452631578,6651135.683157895,140.78226,0
11 10,612976.9884210526,6651136.681052632,140.53175,0
11 11,612977.0315789473,6651137.678947369,140.12024,0
11 12,612977.0747368421,6651138.676842106,140.08531,0
11 13,612977.1178947368,6651139.6747368425,140.01776,0
11 14,612977.1610526316,6651140.672631579,140.01782,0
11 15,612977.2042105263,6651141.670526316,140.01675,0
11 16,612977.247368421,6651142.668421052,139.97707,0
11 17,612977.2905263158,6651143.666315789,139.9251,0
11 18,612977.3336842105,6651144.664210526,139.86195,0
11 19,612977.3768421052,6651145.662105263,139.76039,0
11 20,612977.4199999999,6651146.66,139.71205,0
11 21,612977.4631578947,6651147.657894737,139.64253,0
11 22,612977.5063157894,6651148.655789474,139.57076,0
11 23,612977.5494736842,6651149.653684211,139.50102,0
11 24,612977.5926315789,6651150.651578948,139.43452,0
11 25,612977.6357894737,6651151.649473684,139.30872,0
11 26,612977.6789473684,6651152.647368421,138.97192,0
11 27,612977.7221052632,6651153.645263158,138.90738,0
11 28,612977.7652631579,6651154.643157895,138.80833,0
11 29,612977.8084210526,6651155.641052632,138.74863,0
11 30,612977.8515789474,6651156.638947369,138.6813,0
11 31,612977.894736842,6651157.636842106,138.59454,0
11 32,612977.9378947368,6651158.6347368425,138.52643,0
11 33,612977.9810526315,6651159.632631579,138.21999,0
11 34,612978.0242105263,6651160.630526316,138.05382,0
11 35,612978.067368421,6651161.628421052,137.84584,0
11 36,612978.1105263158,6651162.626315789,137.77933,0
11 37,612978.1536842105,6651163.624210526,137.62299,0
11 38,612978.1968421052,6651164.622105263,137.37442,0
11 39,612978.24,6651165.62,137.13971,0
11 40,612978.2831578947,6651166.617894737,136.98958,0
11 41,612978.3263157895,6651167.615789474,136.6869,0
11 42,612978.3694736842,6651168.613684211,136.50218,0
11 43,612978.4126315789,6651169.611578948,136.37099,0
11 44,612978.4557894736,6651170.609473684,136.25342,0
11 45,612978.4989473684,6651171.607368421,136.11855,0
11 46,612978.5421052631,6651172.605263158,136.05904,0
11 47,612978.5852631578,6651173.603157895,135.97528,0
11 48,612978.6284210526,6651174.601052632,135.86755,0
11 49,612978.6715789473,6651175.598947369,135.78258,0
11 50,612978.7147368421,6651176.5968421055,135.64183,0
11 51,612978.7578947368,6651177.594736842,135.46997,0
11 52,612978.8010526316,6651178.592631579,135.30391,0
11 53,612978.8442105263,6651179.590526316,135.20357,0
11 54,612978.8873684211,6651180.588421052,135.12776,0
11 55,612978.9305263157,6651181.586315789,135.05675,0
11 56,612978.9736842104,6651182.584210526,134.99438,0
11 57,612979.0168421052,6651183.582105263,134.90819,0
11 58,612979.0599999999,6651184.58,134.8671,0
11 59,612979.1031578947,6651185.577894737,134.80164,0
11 60,612979.1463157894,6651186.575789474,134.71187,0
11 61,612979.1894736842,6651187.573684211,134.61333,0
11 62,612979.2326315789,6651188.571578948,134.53703,0
11 63,612979.2757894737,6651189.569473684,134.45468,0
11 64,612979.3189473684,6651190.567368421,134.38849,0
11 65,612979.3621052632,6651191.565263158,134.27658,0
11 66,612979.4052631579,6651192.563157895,134.23265,0
11 67,612979.4484210525,6651193.561052632,134.27786,0
11 68,612979.4915789473,6651194.5589473685,134.23996,0
11 69,612979.534736842,6651195.556842105,134.2505,0
11 70,612979.5778947368,6651196.554736842,134.26501,0
11 71,612979.6210526315,6651197.552631579,134.28926,0
11 72,612979.6642105263,6651198.550526316,134.2561,0
11 73,612979.707368421,6651199.548421052,134.2038,0
11 74,612979.7505263158,6651200.546315789,134.15894,0
11 75,612979.7936842105,6651201.544210526,134.09373,0
11 76,612979.8368421053,6651202.542105263,134.07054,0
11 77,612979.88,6651203.54,133.97919,0
11 78,612979.9231578948,6651204.537894737,133.91591,0
11 79,612979.9663157894,6651205.535789474,133.86554,0
11 80,612980.0094736841,6651206.533684211,133.74425,0
11 81,612980.0526315789,6651207.531578948,133.61308,0
11 82,612980.0957894736,6651208.529473684,133.46062,0
11 83,612980.1389473684,6651209.527368421,133.36182,0
11 84,612980.1821052631,6651210.525263158,133.31358,0
11 85,612980.2252631579,6651211.523157895,133.29454,0
11 86,612980.2684210526,6651212.521052632,133.27963,0
11 87,612980.3115789474,6651213.5189473685,133.26138,0
11 88,612980.3547368421,6651214.516842105,133.17361,0
11 89,612980.3978947368,6651215.514736842,133.0728,0
11 90,612980.4410526316,6651216.512631579,133.0728,0
11 91,612980.4842105262,6651217.510526316,133.02765,0
11 92,612980.527368421,6651218.508421052,132.9398,0
11 93,612980.5705263157,6651219.506315789,132.75659,0
11 94,612980.6136842105,6651220.504210526,132.72159,0
11 95,612980.6568421052,6651221.502105263,132.60408,0
11 96,612980.7,6651222.5,132.5391,0
12 1,612984.7,6651294.1,126.80704,0
12 2,612984.727368421,6651295.104210526,126.76975,0
12 3,612984.754736842,6651296.108421052,126.84963,0
12 4,612984.7821052631,6651297.112631579,126.81146,0
12 5,612984.8094736842,6651298.116842105,126.78759,0
12 6,612984.8368421053,6651299.121052631,126.77904,0
12 7,612984.8642105262,6651300.125263157,126.76671,0
12 8,612984.8915789473,6651301.129473683,126.726295,0
12 9,612984.9189473684,6651302.1336842105,126.72194,0
12 10,612984.9463157895,6651303.137894737,126.70839,0
12 11,612984.9736842104,6651304.142105263,126.80834,0
12 12,612985.0010526315,6651305.146315789,126.793434,0
12 13,612985.0284210526,6651306.150526316,126.75205,0
12 14,612985.0557894737,6651307.154736842,126.74344,0
12 15,612985.0831578947,6651308.158947368,126.7561,0
12 16,612985.1105263158,6651309.163157894,126.79349,0
12 17,612985.1378947368,6651310.16736842,126.80675,0
12 18,612985.1652631579,6651311.171578947,126.79478,0
12 19,612985.1926315789,6651312.175789474,126.91387,0
12 20,612985.22,6651313.18,126.915375,0
12 21,612985.247368421,6651314.184210526,126.96699,0
12 22,612985.274736842,6651315.188421052,127.055954,0
12 23,612985.3021052631,6651316.192631579,127.08086,0
12 24,612985.3294736842,6651317.196842105,127.03682,0
12 25,612985.3568421053,6651318.201052631,127.08943,0
12 26,612985.3842105262,6651319.205263157,127.182274,0
12 27,612985.4115789473,6651320.2094736835,127.238045,0
12 28,612985.4389473684,6651321.213684211,127.34066,0
12 29,612985.4663157895,6651322.217894737,127.34664,0
12 30,612985.4936842105,6651323.222105263,127.34416,0
12 31,612985.5210526315,6651324.226315789,127.32876,0
12 32,612985.5484210526,6651325.230526316,127.32392,0
12 33,612985.5757894737,6651326.234736842,127.31704,0
12 34,612985.6031578947,6651327.238947368,127.29358,0
12 35,612985.6305263158,6651328.243157894,127.294365,0
12 36,612985.6578947369,6651329.2473684205,127.32449,0
12 37,612985.6852631579,6651330.2515789475,127.32884,0
12 38,612985.7126315789,6651331.255789474,127.27385,0
12 39,612985.74,6651332.26,127.09856,0
12 40,612985.7673684211,6651333.264210526,126.8832,0
12 41,612985.794736842,6651334.268421052,126.6726,0
12 42,612985.8221052631,6651335.272631579,126.489,0
12 43,612985.8494736842,6651336.276842105,126.37451,0
12 44,612985.8768421053,6651337.281052631,126.34141,0
12 45,612985.9042105263,6651338.285263157,126.32652,0
12 46,612985.9315789473,6651339.289473684,126.29822,0
12 47,612985.9589473684,6651340.293684211,126.273964,0
12 48,612985.9863157895,6651341.297894737,126.17753,0
12 49,612986.0136842105,6651342.302105263,126.072754,0
12 50,612986.0410526316,6651343.306315789,125.9617,0
12 51,612986.0684210527,6651344.310526316,125.84269,0
12 52,612986.0957894737,6651345.314736842,125.744965,0
12 53,612986.1231578947,6651346.318947368,125.7092,0
12 54,612986.1505263158,6651347.323157894,125.60697,0
12 55,612986.1778947369,6651348.327368421,125.55451,0
12 56,612986.205263158,6651349.331578948,125.562706,0
12 57,612986.2326315789,6651350.335789474,125.57975,0
12 58,612986.26,6651351.34,125.569084,0
12 59,612986.2873684211,6651352.344210526,125.55645,0
12 60,612986.3147368421,6651353.348421052,125.54087,0
12 61,612986.3421052631,6651354.352631579,125.516174,0
12 62,612986.3694736842,6651355.356842105,125.53468,0
12 63,612986.3968421053,6651356.361052631,125.51052,0
12 64,612986.4242105263,6651357.3652631575,125.485245,0
12 65,612986.4515789474,6651358.369473684,125.46417,0
12 66,612986.4789473685,6651359.373684211,125.40939,0
12 67,612986.5063157895,6651360.377894737,125.3744,0
12 68,612986.5336842105,6651361.382105263,125.326416,0
12 69,612986.5610526316,6651362.386315789,125.30389,0
12 70,612986.5884210527,6651363.390526316,125.31401,0
12 71,612986.6157894738,6651364.394736842,125.260284,0
12 72,612986.6431578947,6651365.398947368,125.21106,0
12 73,612986.6705263158,6651366.4031578945,125.184685,0
12 74,612986.6978947369,6651367.407368421,125.134254,0
12 75,612986.725263158,6651368.411578948,125.08612,0
12 76,612986.752631579,6651369.415789474,125.042465,0
12 77,612986.78,6651370.42,125.002396,0
12 78,612986.8073684211,6651371.424210526,124.970505,0
12 79,612986.8347368421,6651372.428421052,124.950645,0
12 80,612986.8621052632,6651373.432631579,124.914,0
12 81,612986.8894736842,6651374.436842105,124.88119,0
12 82,612986.9168421053,6651375.4410526315,124.85898,0
12 83,612986.9442105263,6651376.445263158,124.8332,0
12 84,612986.9715789474,6651377.449473684,124.81083,0
12 85,612986.9989473685,6651378.453684211,124.780075,0
12 86,612987.0263157896,6651379.457894737,124.75036,0
12 87,612987.0536842105,6651380.462105263,124.764465,0
12 88,612987.0810526316,6651381.466315789,124.73007,0
12 89,612987.1084210527,6651382.470526316,124.70287,0
12 90,612987.1357894738,6651383.474736842,124.66853,0
12 91,612987.1631578947,6651384.478947368,124.668335,0
12 92,612987.1905263158,6651385.483157895,124.66068,0
12 93,612987.2178947369,6651386.487368421,124.62396,0
12 94,612987.245263158,6651387.491578948,124.690216,0
12 95,612987.272631579,6651388.495789474,124.873566,0
12 96,612987.3,6651389.5,124.86417,0
13 1,612971.4,6651007.7,150.87904,0
13 2,612971.5949367089,6651012.727848101,150.64886,0
13 3,612971.7898734177,6651017.755696203,150.3637,0
13 4,612971.9848101266,6651022.783544304,150.16661,0
13 5,612972.1797468355,6651027.811392405,149.88287,0
13 6,612972.3746835443,6651032.839240506,149.62843,0
13 7,612972.5696202532,6651037.8670886075,149.37056,0
13 8,612972.7645569621,6651042.894936709,149.06105,0
13 9,612972.959493671,6651047.92278481,148.70006,0
13 10,612973.1544303797,6651052.950632911,148.45607,0
13 11,612973.3493670886,6651057.978481013,148.08925,0
13 12,612973.5443037975,6651063.006329115,147.74287,0
13 13,612973.7392405063,6651068.034177216,146.90286,0
13 14,612973.9341772152,6651073.062025317,146.32558,0
13 15,612974.1291139241,6651078.089873418,145.70319,0
13 16,612974.3240506329,6651083.117721519,145.17111,0
13 17,612974.5189873418,6651088.145569621,144.58682,0
13 18,612974.7139240507,6651093.173417722,144.20544,0
13 19,612974.9088607596,6651098.201265823,143.51945,0
13 20,612975.1037974684,6651103.229113924,143.03656,0
13 21,612975.2987341773,6651108.256962026,142.81769,0
13 22,612975.4936708861,6651113.284810127,142.52504,0
13 23,612975.6886075949,6651118.312658228,142.46388,0
13 24,612975.8835443038,6651123.340506329,141.88214,0
13 25,612976.0784810127,6651128.36835443,141.53192,0
13 26,612976.2734177215,6651133.396202532,141.15588,0
13 27,612976.4683544304,6651138.424050633,140.28853,0
13 28,612976.6632911393,6651143.451898734,139.9251,0
13 29,612976.8582278481,6651148.479746835,139.61261,0
13 30,612977.053164557,6651153.5075949365,139.0515,0
13 31,612977.2481012659,6651158.535443039,138.52643,0
13 32,612977.4430379748,6651163.56329114,137.90071,0
13 33,612977.6379746835,6651168.591139241,136.78108,0
13 34,612977.8329113924,6651173.618987342,135.97528,0
13 35,612978.0278481013,6651178.646835444,135.39116,0
13 36,612978.2227848101,6651183.674683545,134.90025,0
13 37,612978.417721519,6651188.702531646,134.53703,0
13 38,612978.6126582279,6651193.730379747,134.24962,0
13 39,612978.8075949367,6651198.758227848,134.16547,0
13 40,612979.0025316456,6651203.78607595,133.97919,0
13 41,612979.1974683545,6651208.813924051,133.48065,0
13 42,612979.3924050634,6651213.841772152,133.11942,0
13 43,612979.5873417722,6651218.869620253,132.78465,0
13 44,612979.782278481,6651223.897468355,131.72842,0
13 45,612979.97721519,6651228.925316456,130.8969,0
13 46,612980.1721518987,6651233.953164557,130.50005,0
13 47,612980.3670886076,6651238.981012658,129.87238,0
13 48,612980.5620253165,6651244.008860759,129.41586,0
13 49,612980.7569620253,6651249.036708861,128.71066,0
13 50,612980.9518987342,6651254.064556962,128.23615,0
13 51,612981.1468354431,6651259.092405064,128.1037,0
13 52,612981.341772152,6651264.120253165,126.99668,0
13 53,612981.5367088608,6651269.1481012665,126.56835,0
13 54,612981.7316455697,6651274.175949368,126.217186,0
13 55,612981.9265822786,6651279.203797469,126.02361,0
13 56,612982.1215189873,6651284.23164557,125.95354,0
13 57,612982.3164556962,6651289.259493671,126.655014,0
13 58,612982.5113924051,6651294.287341773,126.65012,0
13 59,612982.7063291139,6651299.315189874,126.533356,0
13 60,612982.9012658228,6651304.343037975,126.535934,0
13 61,612983.0962025317,6651309.370886076,126.59618,0
13 62,612983.2911392405,6651314.398734177,126.80911,0
13 63,612983.4860759494,6651319.426582279,126.86639,0
13 64,612983.6810126583,6651324.45443038,127.07228,0
13 65,612983.8759493672,6651329.482278481,126.97203,0
13 66,612984.070886076,6651334.510126582,126.3712,0
13 67,612984.2658227849,6651339.537974684,126.18002,0
13 68,612984.4607594938,6651344.565822785,125.69704,0
13 69,612984.6556962025,6651349.593670886,125.50764,0
13 70,612984.8506329114,6651354.621518987,125.46178,0
13 71,612985.0455696203,6651359.649367089,125.33308,0
13 72,612985.2405063291,6651364.677215191,125.13848,0
13 73,612985.435443038,6651369.705063292,124.98006,0
13 74,612985.6303797469,6651374.732911393,124.815025,0
13 75,612985.8253164558,6651379.760759494,124.660065,0
13 76,612986.0202531646,6651384.7886075955,124.61908,0
13 77,612986.2151898735,6651389.816455697,124.81272,0
13 78,612986.4101265824,6651394.844303798,125.885475,0
13 79,612986.6050632912,6651399.872151899,126.35261,0
13 80,612986.8,6651404.9,124.565475,0
